step,time,active_vehicles,mean_speed_network,total_queue_len,total_waiting_time_snapshot
0,1.0,2,0.0,2,0.0
10,11.0,8,7.1501042687393115,1,0.0
20,21.0,18,8.261647720550362,1,2.0
30,31.0,24,11.338074312109953,1,0.0
40,41.0,31,9.846474748671794,4,0.0
50,51.0,37,9.287899735248901,7,3.0
60,61.0,45,10.104735648502478,6,6.0
70,71.0,51,10.87291481576327,5,11.0
80,81.0,58,10.433752931056306,6,24.0
90,91.0,63,10.449523653422286,8,20.0
100,101.0,71,10.400068075212971,8,50.0
110,111.0,77,10.478062016444815,14,55.0
120,121.0,84,9.229210183173649,20,161.0
130,131.0,90,9.45445707199326,20,190.0
140,141.0,99,8.725957536191547,18,194.0
150,151.0,105,10.17094122172989,17,91.0
160,161.0,111,10.05704104493081,16,88.0
170,171.0,114,10.340658045691795,18,61.0
180,181.0,120,9.309964388580443,26,177.0
190,191.0,126,8.203392705034249,35,307.0
200,201.0,130,9.311573467819507,23,232.0
210,211.0,136,10.139416610517838,21,125.0
220,221.0,139,9.48869763718357,29,205.0
230,231.0,145,8.945287655443618,36,333.0
240,241.0,149,9.227555293107962,25,363.0
250,251.0,151,10.30020902147567,25,338.0
260,261.0,155,7.9760987692628795,42,536.0
270,271.0,158,8.130650700550376,40,265.0
280,281.0,157,8.830433062295983,28,93.0
290,291.0,160,9.680421193183191,35,220.0
300,301.0,158,9.18615057221476,32,308.0
310,311.0,158,9.231394856294024,21,99.0
320,321.0,157,10.257152347223034,30,196.0
330,331.0,162,9.582528567392593,32,291.0
340,341.0,161,9.648200742408276,31,322.0
350,351.0,159,9.723548534262491,31,345.0
360,361.0,156,8.703035152447741,43,426.0
370,371.0,164,8.871672707090843,42,426.0
380,381.0,161,9.026956873102437,34,408.0
390,391.0,161,8.127106325369489,39,470.0
400,401.0,167,8.019359897084941,53,537.0
410,411.0,169,7.966552406046681,55,816.0
420,421.0,170,7.789437074151579,48,776.0
430,431.0,168,7.983699117948439,45,665.0
440,441.0,169,8.015384060091488,43,651.0
450,451.0,169,8.800978376346192,45,616.0
460,461.0,166,8.74897015865961,51,838.0
470,471.0,168,8.684425473040186,38,1030.0
480,481.0,172,8.73098705556639,47,1034.0
490,491.0,177,8.476979309848979,56,1284.0
500,501.0,177,8.121979191178854,50,1417.0
510,511.0,183,7.908632156455061,57,1375.0
520,521.0,182,7.846982365670317,62,1730.0
530,531.0,180,8.481810417805033,57,2035.0
540,541.0,182,6.9213864683846,58,2233.0
550,551.0,183,7.022037356298245,70,2523.0
560,561.0,177,7.016903075263426,72,1950.0
570,571.0,180,6.744021079695637,74,2366.0
580,581.0,180,7.254522506491379,69,2609.0
590,591.0,187,7.7748317649285195,63,2526.0
600,601.0,189,7.906156611137175,56,2563.0
610,611.0,192,7.712547085943586,69,2907.0
620,621.0,194,6.8826243579319595,73,3185.0
630,631.0,198,7.020165280713311,79,3682.0
640,641.0,201,6.944906161807546,71,4009.0
650,651.0,204,8.085681399491051,64,4356.0
660,661.0,204,7.216756656148452,73,4464.0
670,671.0,209,6.682201376098966,84,5087.0
680,681.0,209,6.917356632555564,74,5261.0
690,691.0,213,7.551482349233988,69,5109.0
700,701.0,212,7.160458003827456,74,5544.0
710,711.0,211,7.264747811050147,70,3139.0
720,721.0,214,7.960255661346032,58,1681.0
730,731.0,214,8.563661747019879,62,1690.0
740,741.0,221,7.887231972027317,63,1659.0
750,751.0,222,7.710195644170778,73,1222.0
760,761.0,219,8.16182533652554,64,942.0
770,771.0,219,7.758106308027761,66,827.0
780,781.0,222,7.978669888938872,76,911.0
790,791.0,223,7.132423406586515,86,1280.0
800,801.0,226,6.745773493222493,78,1444.0
810,811.0,227,6.783497995770874,79,1570.0
820,821.0,232,7.279978876197328,80,1888.0
830,831.0,232,7.586022122045621,66,1549.0
840,841.0,229,7.606149604006795,62,1521.0
850,851.0,224,8.221162384978689,56,1030.0
860,861.0,221,8.072150730457237,64,1027.0
870,871.0,222,8.890836863748524,48,433.0
880,881.0,221,8.923828845949968,47,315.0
890,891.0,219,8.072969281207818,61,498.0
900,901.0,218,8.59733209555697,49,395.0
910,911.0,217,9.013437207827863,41,287.0
920,921.0,215,8.361755058681043,66,497.0
930,931.0,216,8.404869215475262,45,394.0
940,941.0,220,8.525638766275629,54,403.0
950,951.0,216,7.758259077068316,75,765.0
960,961.0,219,7.665282103341929,76,945.0
970,971.0,220,6.9390946015586605,78,862.0
980,981.0,222,7.951720530479621,56,849.0
990,991.0,221,8.748264239611318,53,731.0
1000,1001.0,217,8.255464591750133,53,629.0
1010,1011.0,217,8.110172861825436,59,607.0
1020,1021.0,217,8.374823487999768,50,398.0
1030,1031.0,215,7.840675169296282,70,635.0
1040,1041.0,215,7.3659617587344135,71,625.0
1050,1051.0,214,7.30749777349251,64,671.0
1060,1061.0,214,7.840060274246326,66,734.0
1070,1071.0,209,8.02680767643675,48,658.0
1080,1081.0,206,8.108947509559012,66,945.0
1090,1091.0,203,7.58910658332768,68,1078.0
1100,1101.0,200,6.747184255195387,71,1199.0
1110,1111.0,205,7.044956391534335,80,1697.0
1120,1121.0,201,6.088541251845213,81,1711.0
1130,1131.0,209,6.78521438021097,58,675.0
1140,1141.0,211,6.784413062871503,76,980.0
1150,1151.0,216,7.408389212446639,76,1191.0
1160,1161.0,217,7.340583505084099,70,1230.0
1170,1171.0,222,7.14432597493049,76,1374.0
1180,1181.0,223,7.658186942575275,67,1458.0
1190,1191.0,223,7.148679658146227,76,1855.0
1200,1201.0,222,7.224123984677477,73,1973.0
1210,1211.0,221,7.261965491177506,72,1967.0
1220,1221.0,229,6.900940868735645,81,2184.0
1230,1231.0,225,7.017410849931539,91,2700.0
1240,1241.0,226,6.98586836979652,79,2829.0
1250,1251.0,229,7.154403961077052,83,3179.0
1260,1261.0,231,7.324563516459765,88,3533.0
1270,1271.0,229,6.857760348560492,85,3939.0
1280,1281.0,229,7.074531504368563,85,4303.0
1290,1291.0,224,6.68615162657852,82,4363.0
1300,1301.0,226,6.661724013762657,84,4746.0
1310,1311.0,229,7.772589279851122,79,5195.0
1320,1321.0,227,7.225321773765629,83,5705.0
1330,1331.0,227,6.7024040585086295,93,6086.0
1340,1341.0,232,6.875781553284636,91,6652.0
1350,1351.0,235,6.898895024815958,98,7210.0
1360,1361.0,237,6.9363433726664,91,6622.0
1370,1371.0,240,6.666144804092574,91,6547.0
1380,1381.0,243,6.344996451365843,99,6733.0
1390,1391.0,244,5.929426346743662,116,7470.0
1400,1401.0,246,6.08341197214212,99,3876.0
1410,1411.0,246,6.939672088982479,85,2785.0
1420,1421.0,247,6.651936523803589,96,2895.0
1430,1431.0,247,6.680305997434359,90,3165.0
1440,1441.0,245,7.187246052257636,72,1701.0
1450,1451.0,244,6.655815449279742,92,1619.0
1460,1461.0,244,7.003911661605287,76,1795.0
1470,1471.0,241,7.733953796683524,71,1814.0
1480,1481.0,243,7.4335730135933895,75,1784.0
1490,1491.0,240,7.846685978100609,66,1214.0
1500,1501.0,238,8.050688187032566,78,1473.0
1510,1511.0,236,7.384553464751072,82,1829.0
1520,1521.0,234,7.1135028186395255,76,2061.0
1530,1531.0,239,7.427437981157003,87,2412.0
1540,1541.0,245,7.480422236187976,81,2499.0
1550,1551.0,244,8.007413132389551,56,1568.0
1560,1561.0,243,8.003290048551678,62,480.0
1570,1571.0,239,8.559143285252166,61,701.0
1580,1581.0,240,7.8767216524234875,70,720.0
1590,1591.0,247,7.869910815603553,64,697.0
1600,1601.0,248,7.684928058580159,71,798.0
1610,1611.0,245,7.5435515360624406,72,967.0
1620,1621.0,244,7.933198875853198,80,1048.0
1630,1631.0,246,8.51422405986664,56,819.0
1640,1641.0,250,8.042920528969052,69,1019.0
1650,1651.0,246,7.966175179939958,79,1463.0
1660,1661.0,242,7.795162504677532,71,1499.0
1670,1671.0,234,7.4565839693932014,69,1145.0
1680,1681.0,232,7.299834372795624,78,1346.0
1690,1691.0,238,8.06621826838078,70,1518.0
1700,1701.0,233,7.508678017971401,75,1717.0
1710,1711.0,233,8.063521690405985,71,1938.0
1720,1721.0,225,7.758195443475401,66,2080.0
1730,1731.0,222,7.768799232652624,66,2225.0
1740,1741.0,226,7.667067525599694,54,1829.0
1750,1751.0,224,7.522290513429739,71,2058.0
1760,1761.0,226,7.294222466331273,77,1541.0
1770,1771.0,229,7.198391538566031,72,815.0
1780,1781.0,229,6.86446582271098,85,893.0
1790,1791.0,233,6.774238833056266,89,1047.0
1800,1801.0,230,6.971498259775208,83,1218.0
1810,1811.0,231,7.155141529131309,79,1497.0
1820,1821.0,236,6.783227857374706,75,1532.0
1830,1831.0,236,7.2494450306129705,80,1822.0
1840,1841.0,235,6.719028450489902,90,2156.0
1850,1851.0,236,6.056975898435919,102,2512.0
1860,1861.0,235,5.870370625533335,99,2802.0
1870,1871.0,236,6.341261274972337,97,3389.0
1880,1881.0,237,7.057580097150934,88,3684.0
1890,1891.0,235,6.946965230078119,77,3575.0
1900,1901.0,238,6.971294657805717,97,4105.0
1910,1911.0,236,6.629204323039557,89,4449.0
1920,1921.0,242,7.38873189295293,82,4568.0
1930,1931.0,246,7.3809068468034456,86,4165.0
1940,1941.0,249,6.954990825034359,86,4581.0
1950,1951.0,248,6.834398147197503,100,5115.0
1960,1961.0,247,6.8727849796613345,91,5464.0
1970,1971.0,248,6.596894777621458,94,5577.0
1980,1981.0,248,6.120267716135843,94,5775.0
1990,1991.0,247,6.483365713490888,95,6068.0
2000,2001.0,249,6.837647607804983,85,6358.0
2010,2011.0,248,7.447133286168455,98,6717.0
2020,2021.0,250,7.572008945300398,96,7389.0
2030,2031.0,247,7.4564404460719995,85,7634.0
2040,2041.0,248,6.9572129095341815,95,8139.0
2050,2051.0,238,7.208310915816058,89,8478.0
2060,2061.0,238,6.84884835417459,77,7043.0
2070,2071.0,243,7.099477336508459,74,4494.0
2080,2081.0,242,7.334227994051899,70,708.0
2090,2091.0,244,7.018111412974718,82,712.0
2100,2101.0,240,6.7241368821445455,91,1122.0
2110,2111.0,239,6.478184537638317,100,1657.0
2120,2121.0,239,7.150780677230272,80,1407.0
2130,2131.0,240,7.517347007664711,80,1389.0
2140,2141.0,242,7.6633830716099425,75,1202.0
2150,2151.0,247,8.035280494509891,69,895.0
2160,2161.0,243,7.172176738236891,93,1454.0
2170,2171.0,241,7.3200658659491955,85,1853.0
2180,2181.0,240,7.656728092758473,81,1978.0
2190,2191.0,247,7.621575908398082,83,2394.0
2200,2201.0,246,7.033895251409243,91,2643.0
2210,2211.0,247,6.555078242422282,105,3390.0
2220,2221.0,251,6.80195351468324,98,3901.0
2230,2231.0,253,7.004977556868106,83,3841.0
2240,2241.0,251,6.985267356821037,104,4195.0
2250,2251.0,246,6.850303035787394,97,4759.0
2260,2261.0,250,7.091068268192649,92,5084.0
2270,2271.0,252,7.147028732316025,88,5447.0
2280,2281.0,248,7.009023374539285,98,5934.0
2290,2291.0,249,6.76763350967732,100,6477.0
2300,2301.0,252,6.453798717467124,112,7212.0
2310,2311.0,254,6.890648322563004,97,7618.0
2320,2321.0,248,6.339593236416897,101,8003.0
2330,2331.0,248,6.053061818715722,102,8019.0
2340,2341.0,246,5.863791985058887,105,8637.0
2350,2351.0,248,6.305546024306459,95,8934.0
2360,2361.0,247,6.673483136095382,97,9412.0
2370,2371.0,249,5.9934000439643,100,9971.0
2380,2381.0,252,6.337113937722572,102,10201.0
2390,2391.0,255,6.369181244518607,101,8373.0
2400,2401.0,255,6.145802181301275,98,7307.0
2410,2411.0,254,6.702575930880061,98,7462.0
2420,2421.0,254,6.474275904665929,106,7898.0
2430,2431.0,255,6.161793223040233,93,8229.0
2440,2441.0,255,6.8501794502736555,95,5082.0
2450,2451.0,256,7.035791216710057,89,2573.0
2460,2461.0,255,6.639026892186845,112,1813.0
2470,2471.0,257,6.226238226673656,115,2404.0
2480,2481.0,257,6.660949392536007,101,2468.0
2490,2491.0,255,6.608169960123587,99,2632.0
2500,2501.0,252,6.395038961878087,106,3133.0
2510,2511.0,252,6.110607947567523,95,2872.0
2520,2521.0,250,6.384053709880128,94,2898.0
2530,2531.0,244,6.0032538214133755,95,3265.0
2540,2541.0,251,6.400549680542859,107,3803.0
2550,2551.0,255,7.04068530622991,86,3969.0
2560,2561.0,256,6.283544529136178,96,4315.0
2570,2571.0,259,6.316454612438003,114,4958.0
2580,2581.0,261,6.671620314507274,108,5241.0
2590,2591.0,260,6.739504725461612,97,5494.0
2600,2601.0,253,6.360939269486733,102,6168.0
2610,2611.0,250,6.412748453165891,109,6840.0
2620,2621.0,247,6.408747637968908,103,7335.0
2630,2631.0,245,6.209804663751897,106,7914.0
2640,2641.0,246,6.904102383096682,97,8347.0
2650,2651.0,247,7.35335595371175,89,8525.0
2660,2661.0,251,7.108834375982903,93,9071.0
2670,2671.0,251,6.5998031619689135,103,9238.0
2680,2681.0,250,6.039746400385428,100,9103.0
2690,2691.0,250,6.395884110044287,108,9652.0
2700,2701.0,252,6.155536685307428,109,10413.0
2710,2711.0,257,6.303316012009104,101,10472.0
2720,2721.0,250,6.098182902516524,115,10984.0
2730,2731.0,250,6.629008532157699,94,10510.0
2740,2741.0,251,6.900611399841924,84,5144.0
2750,2751.0,244,6.840751386205134,102,5279.0
2760,2761.0,241,6.355597232079846,85,2893.0
2770,2771.0,245,6.249503741151104,102,2324.0
2780,2781.0,244,6.339894636163164,95,2568.0
2790,2791.0,244,6.8802652131464255,83,2314.0
2800,2801.0,244,6.691297876526089,106,2994.0
2810,2811.0,245,6.868972812564109,95,3546.0
2820,2821.0,245,6.729749800650465,84,2930.0
2830,2831.0,248,6.208720409464359,110,3487.0
2840,2841.0,249,6.731194880332514,102,3277.0
2850,2851.0,248,7.212570784036483,87,3507.0
2860,2861.0,244,7.0498567867023,95,4031.0
2870,2871.0,244,6.973562966164741,75,4010.0
2880,2881.0,244,6.986756777797207,101,4532.0
2890,2891.0,245,5.985927744657094,106,5226.0
2900,2901.0,245,6.304188790982074,104,5921.0
2910,2911.0,250,5.900789809612874,113,6492.0
2920,2921.0,251,5.777497994438526,118,6899.0
2930,2931.0,251,5.9216446758568555,102,6054.0
2940,2941.0,252,6.2863942182728385,89,5934.0
2950,2951.0,259,6.637046705152536,97,5723.0
2960,2961.0,258,6.798374387795989,89,5852.0
2970,2971.0,261,6.89746082691399,96,6224.0
2980,2981.0,264,6.02670645553323,117,6893.0
2990,2991.0,266,6.6489804116481945,97,7087.0
3000,3001.0,268,6.605839280786507,115,7918.0
3010,3011.0,267,6.292044020689312,121,8649.0
3020,3021.0,276,6.172342581528756,112,9118.0
3030,3031.0,276,6.310471883512769,127,10055.0
3040,3041.0,267,6.343469725786939,110,8585.0
3050,3051.0,267,6.212358221734532,114,6314.0
3060,3061.0,262,6.0071394011956025,134,7120.0
3070,3071.0,263,6.004948569793735,116,7625.0
3080,3081.0,263,6.347647943195244,103,5575.0
3090,3091.0,264,5.593938859063627,116,4483.0
3100,3101.0,266,6.030560032447395,106,3775.0
3110,3111.0,263,6.5935570962222565,111,4179.0
3120,3121.0,265,6.822389115546034,110,4931.0
3130,3131.0,264,6.375340981397084,105,5303.0
3140,3141.0,266,5.98586658102711,115,5969.0
3150,3151.0,259,6.004529033393379,117,6619.0
3160,3161.0,263,5.823599502207289,112,7099.0
3170,3171.0,265,5.622593560146598,126,7847.0
3180,3181.0,264,5.558840136645462,121,8246.0
3190,3191.0,264,5.856575334881938,131,9032.0
3200,3201.0,263,5.564508110950629,128,9859.0
3210,3211.0,264,5.872471358421922,108,9738.0
3220,3221.0,268,6.2938538848388825,117,10356.0
3230,3231.0,269,6.033000816648441,124,11233.0
3240,3241.0,270,6.319695511245334,113,11890.0
3250,3251.0,270,6.036971881043665,122,10025.0
3260,3261.0,270,5.791927081278635,115,8924.0
3270,3271.0,271,6.14512095196271,115,9382.0
3280,3281.0,273,6.466269192482643,101,7815.0
3290,3291.0,277,6.260192072694267,111,8021.0
3300,3301.0,273,6.752525705690059,101,7684.0
3310,3311.0,275,6.4185094543739725,125,8564.0
3320,3321.0,274,6.192197865960123,114,9092.0
3330,3331.0,277,5.75584088641807,132,9898.0
3340,3341.0,277,5.8845862909042825,120,10544.0
3350,3351.0,274,6.221051742577142,120,10825.0
3360,3361.0,279,6.140416863103675,126,9815.0
3370,3371.0,279,6.42323397738389,110,8242.0
3380,3381.0,282,6.401405613767141,115,7829.0
3390,3391.0,279,6.230692522388051,124,7254.0
3400,3401.0,278,5.651673893900079,123,5629.0
3410,3411.0,275,5.177397431012148,132,5697.0
3420,3421.0,278,5.753917301151279,119,6121.0
3430,3431.0,276,6.176676430712786,120,6901.0
3440,3441.0,278,6.024308051475251,130,7707.0
3450,3451.0,273,5.916749727257544,129,7464.0
3460,3461.0,274,6.137061385293075,125,8319.0
3470,3471.0,275,6.28709506685492,114,8881.0
3480,3481.0,276,6.350591257742111,121,9162.0
3490,3491.0,276,5.99893937751884,115,9632.0
3500,3501.0,277,6.016700481826733,113,10126.0
3510,3511.0,277,5.850025986337202,131,11005.0
3520,3521.0,272,5.661959589744913,127,11792.0
3530,3531.0,278,5.431947439343877,136,12517.0
3540,3541.0,283,5.718093090463371,135,13345.0
3550,3551.0,285,5.930931473696256,123,13944.0
3560,3561.0,285,5.671198759307843,137,12627.0
3570,3571.0,286,5.866931611303451,132,8779.0
3580,3581.0,284,6.230615755822787,113,9201.0
3590,3591.0,288,6.299815739358575,114,7597.0
